CSF Dice Score,GM Dice Score,WM Dice Score
0.7543183687605524,0.7646202876600918,0.7377094777831862
