CSF Dice Score,GM Dice Score,WM Dice Score
0.6815714285714286,0.7090682323594818,0.7626826450617665
