CSF Dice Score,GM Dice Score,WM Dice Score
0.710198803943753,0.677353417746518,0.7560847845566584
