Tissue Type,Dice Score
Tissue 1,0.07340826910150673
Tissue 2,0.7418481847583971
Tissue 3,0.7377839551752595
