CSF Dice Score,GM Dice Score,WM Dice Score
0.7621273280929113,0.7592648718308538,0.7303635798857175
