Tissue Type,Dice Score
Tissue 1,0.08035679162896818
Tissue 2,0.7291773303759312
Tissue 3,0.7276340547282965
