CSF Dice Score,GM Dice Score,WM Dice Score
0.6297159630492963,0.6611421498639544,0.6951390280783133
