CSF Dice Score,GM Dice Score,WM Dice Score
0.7680651633575899,0.7012019077691061,0.7235281950711293
