Tissue Type,Dice Score
Tissue 1,0.07427704516279612
Tissue 2,0.8069794505200616
Tissue 3,0.7360070632234554
