CSF Dice Score,GM Dice Score,WM Dice Score
0.7422670321064996,0.7094909035579046,0.6726992737727828
