CSF Dice Score,GM Dice Score,WM Dice Score
0.7475053883611399,0.838062005354903,0.7516193348753952
