CSF Dice Score,GM Dice Score,WM Dice Score
0.6625024399765762,0.7578420993416175,0.7115476416423671
