CSF Dice Score,GM Dice Score,WM Dice Score
0.8059257647464143,0.790455256769132,0.7245432346610816
