Tissue Type,Dice Score
Tissue 1,0.07966996043966318
Tissue 2,0.7430952266268485
Tissue 3,0.7182336188780738
