CSF Dice Score,GM Dice Score,WM Dice Score
0.6558874672341751,0.760470716724692,0.7071533087474166
