CSF Dice Score,GM Dice Score,WM Dice Score
0.7962510187449062,0.8091374225545834,0.7189960346775846
