Tissue Type,Dice Score
Tissue 1,0.08152808488980322
Tissue 2,0.7756083138692605
Tissue 3,0.756597672055401
