CSF Dice Score,GM Dice Score,WM Dice Score
0.7509440157609588,0.7307902541140897,0.7463892816478801
