CSF Dice Score,GM Dice Score,WM Dice Score
0.7949018164787743,0.815550177173829,0.7639494984081654
