CSF Dice Score,GM Dice Score,WM Dice Score
0.7290152950156908,0.7681653447608909,0.7650643894615055
